{
  "stamp": "20251114_004622",
  "k": 6,
  "random_state": 123,
  "n_init": 10,
  "centroids_PCA": [
    [
      1.5227241490780783,
      -0.4027999756111456,
      1.2340550569306046
    ],
    [
      -1.8652301215492877,
      0.35242548750538066,
      0.2164684365225568
    ],
    [
      -0.4145142334150651,
      -0.4459702287747753,
      -0.057587620792513
    ],
    [
      2.7070831976094403,
      1.6370436479343848,
      0.018078526755553666
    ],
    [
      1.0586116332515936,
      -1.441743927371492,
      -0.7095251469116404
    ],
    [
      0.5379085447650557,
      1.1544402771521263,
      -0.7938733476620972
    ]
  ],
  "label_order_by_commits_median": [
    4,
    3,
    0,
    5,
    2,
    1
  ]
}