{
  "stamp": "20251114_004622",
  "features": [
    "commits_8w_sum",
    "contributors_8w_unique",
    "issues_closed_8w_count",
    "releases_8w_count"
  ],
  "n_components": 3,
  "whiten": false,
  "explained_variance_ratio": [
    0.5816561658761565,
    0.24189664161537525,
    0.13811796335781712
  ],
  "loadings": {
    "PC1": {
      "commits_8w_sum": 0.5818707170289774,
      "contributors_8w_unique": 0.5722594477249577,
      "issues_closed_8w_count": 0.4740548487054493,
      "releases_8w_count": 0.33048085205131716
    },
    "PC2": {
      "commits_8w_sum": -0.3391917412847801,
      "contributors_8w_unique": -0.3917941411042828,
      "issues_closed_8w_count": 0.3431727303666681,
      "releases_8w_count": 0.7833765319265332
    },
    "PC3": {
      "commits_8w_sum": -0.20743915289081855,
      "contributors_8w_unique": -0.1580737746592494,
      "issues_closed_8w_count": 0.8107727265821489,
      "releases_8w_count": -0.5240508233401271
    }
  },
  "scaler_mean_log1p": [
    2.6290928498995236,
    1.1158903821357418,
    0.7036114698507274,
    0.20151037279541775
  ],
  "scaler_scale_log1p": [
    1.8294199189881066,
    0.7864488177035499,
    1.0705174047138624,
    0.43690299607140476
  ]
}