{
  "stamp": "20251114_004622",
  "k": 6,
  "random_state": 123,
  "n_init": 10,
  "centroids_PCA": [
    [
      -2.080316184056297,
      0.48731539155428527,
      0.27027910641682806
    ],
    [
      0.9255843104518618,
      -1.3633858705438455,
      -0.6639980690985939
    ],
    [
      0.5325833755228545,
      1.1584782782066554,
      -0.7880969612148667
    ],
    [
      2.7080836874630663,
      1.6337547105941104,
      0.019861520582727582
    ],
    [
      -0.6504487100513469,
      -0.33167281831225964,
      -0.023549144646238147
    ],
    [
      1.457923509606675,
      -0.3982671673603204,
      1.1978102901905643
    ]
  ],
  "label_order_by_commits_median": [
    1,
    3,
    5,
    2,
    4,
    0
  ]
}