{
  "stamp": "20251114_004622",
  "features": [
    "commits_8w_sum",
    "contributors_8w_unique",
    "issues_closed_8w_count",
    "releases_8w_count"
  ],
  "n_components": 3,
  "whiten": false,
  "explained_variance_ratio": [
    0.5829109513347575,
    0.24112942047501354,
    0.1379376239715254
  ],
  "loadings": {
    "PC1": {
      "commits_8w_sum": 0.5814267545031082,
      "contributors_8w_unique": 0.5718437541665689,
      "issues_closed_8w_count": 0.4740029898193275,
      "releases_8w_count": 0.3320524290093439
    },
    "PC2": {
      "commits_8w_sum": -0.3401304493700069,
      "contributors_8w_unique": -0.39261693093153033,
      "issues_closed_8w_count": 0.34244710276064017,
      "releases_8w_count": 0.7828749611324324
    },
    "PC3": {
      "commits_8w_sum": -0.20690116002208397,
      "contributors_8w_unique": -0.15779484936629795,
      "issues_closed_8w_count": 0.8111108785308755,
      "releases_8w_count": -0.52382424363889
    }
  },
  "scaler_mean_log1p": [
    2.6186825476329467,
    1.11147184051792,
    0.7009324261564288,
    0.200333663113375
  ],
  "scaler_scale_log1p": [
    1.833244782226208,
    0.78801254657041,
    1.0693464507728911,
    0.43609390696395917
  ]
}