{
  "K3": {
    "features": [
      "log_c8",
      "M8_24"
    ],
    "centers_space": "std_unweighted",
    "scaler": "robust",
    "alpha": 1.9,
    "K": 3,
    "scaler_center": [
      2.70805025100708,
      0.8399999737739563
    ],
    "scaler_scale": [
      2.9789252281188965,
      1.1446051001548767
    ],
    "centers_std": [
      [
        0.3714021146297455,
        0.2683808207511902
      ],
      [
        -0.4611659348011017,
        -0.5431265234947205
      ],
      [
        0.07634667307138443,
        1.4935661554336548
      ]
    ],
    "n_init": 50,
    "max_iter": 1000,
    "fit_samples": 93896,
    "fit_repos": 490
  }
}