{
  "K": 3,
  "features": [
    "log_c8",
    "M8_24"
  ],
  "clusters": [
    {
      "cluster_id": 0,
      "n": 43814,
      "n_repo": 452,
      "log_c8": {
        "median": 4.007333278656006,
        "q25": 3.2188758850097656,
        "q75": 4.852030277252197
      },
      "M8_24": {
        "median": 1.058823585510254,
        "q25": 0.8117647171020508,
        "q75": 1.3537524938583374
      },
      "suggested_stage": "",
      "stage": "Peak"
    },
    {
      "cluster_id": 1,
      "n": 36118,
      "n_repo": 475,
      "log_c8": {
        "median": 0.6931471824645996,
        "q25": 0.0,
        "q75": 1.7917594909667969
      },
      "M8_24": {
        "median": 0.07421662658452988,
        "q25": 0.0,
        "q75": 0.3870967626571655
      },
      "suggested_stage": "",
      "stage": "Cooling"
    },
    {
      "cluster_id": 2,
      "n": 13964,
      "n_repo": 452,
      "log_c8": {
        "median": 2.70805025100708,
        "q25": 1.7917594909667969,
        "q75": 3.7135720252990723
      },
      "M8_24": {
        "median": 2.576923131942749,
        "q25": 2.142857074737549,
        "q75": 3.0
      },
      "suggested_stage": "",
      "stage": "Rising"
    }
  ]
}