{
  "stamp": "20251114_004622",
  "n_rows": 124167,
  "n_repos": 516,
  "dropped_complete_case_rows": 0,
  "dropped_ratio": 0.0,
  "distributions": {
    "commits_8w_sum": {
      "min": 0.0,
      "p05": 0.0,
      "p25": 0.0,
      "p50": 8.0,
      "p75": 42.0,
      "p95": 235.0,
      "max": 1622.0
    },
    "contributors_8w_unique": {
      "min": 0.0,
      "p05": 0.0,
      "p25": 0.0,
      "p50": 1.0,
      "p75": 3.0,
      "p95": 10.0,
      "max": 58.0
    },
    "issues_closed_8w_count": {
      "min": 0.0,
      "p05": 0.0,
      "p25": 0.0,
      "p50": 0.0,
      "p75": 2.0,
      "p95": 17.0,
      "max": 4386.0
    },
    "releases_8w_count": {
      "min": 0.0,
      "p05": 0.0,
      "p25": 0.0,
      "p50": 0.0,
      "p75": 0.0,
      "p95": 2.0,
      "max": 143.0
    }
  },
  "has_release_8w_ratio": 0.17457939710228965,
  "zero_8w_ratio": 0.30215757810046145,
  "dead_flag_ratio": 0.15998614768819414
}